{"tasks":[{"name":"Mow Lawn","description":"Mow the lawn","complete":false,"dueDate":"2026-05-10","person":{"age":56,"name":"Jack Ryan","relation":"Father"}},{"name":"Homecoming","description":"Homecoming","complete":true,"person":{"age":25,"name":"John Doe","relation":"Cousin"}},{"name":"Walk dog","description":"walk the dog","complete":false,"dueDate":"2022-01-04","person":{"age":25,"name":"John Doe","relation":"Cousin"}},{"name":"Buy Trading Cards","description":"Get Trading Cards at the TCG shop","complete":true,"person":{"age":30,"name":"Mike","relation":"Enemy"}}],"people":[{"age":25,"name":"John Doe","relation":"Cousin"},{"age":41,"name":"Jim Bonacci","relation":"Acquaintance"},{"age":56,"name":"Jack Ryan","relation":"Father"},{"age":30,"name":"Mike","relation":"Enemy"}]}